{"cameraMode":{"drawMode":0,"name":"Shaded","section":"Shading Mode"},"sceneLighting":true,"audioPlay":false,"sceneViewState":{"m_AlwaysRefresh":false,"showFog":true,"showSkybox":true,"showFlares":true,"showImageEffects":true,"showParticleSystems":true,"showVisualEffectGraphs":true,"m_FxEnabled":true},"in2DMode":false,"pivot":{"x":0.5408703088760376,"y":4.828009128570557,"z":2.5714759826660158},"rotation":{"x":-0.2127520591020584,"y":-0.060934893786907199,"z":0.013277072459459305,"w":-0.9751309156417847},"size":6.417135715484619,"orthographic":false}